id,title,directors,writers,stars,year,rating,duration,genre,gross_us_canada
208092,Snatch,Guy Ritchie,Guy Ritchie,"Jason Statham, Brad Pitt, Stephen Graham",2000,R,1h 44m,"Caper, Dark Comedy, Gangster, Comedy, Crime","$30,328,156"
6966692,Green Book,Peter Farrelly,"Nick Vallelonga, Brian Hayes Currie, Peter Farrelly","Viggo Mortensen, Mahershala Ali, Linda Cardellini",2018,PG-13,2h 10m,"Docudrama, Period Drama, Road Trip, Biography, Comedy, Drama, Holiday, Music","$85,080,171"
120735,"Lock, Stock and Two Smoking Barrels",Guy Ritchie,Guy Ritchie,"Jason Flemyng, Dexter Fletcher, Nick Moran",1998,R,1h 47m,"Dark Comedy, Farce, Gangster, Heist, Comedy, Crime","$3,753,929"
56058,Seppuku,Masaki Kobayashi,"Yasuhiko Takiguchi, Shinobu Hashimoto","Tatsuya Nakadai, Akira Ishihama, Shima Iwashita",1962,Not Rated,2h 13m,"Period Drama, Drama, Mystery",
47478,Shichinin no samurai,Akira Kurosawa,"Akira Kurosawa, Shinobu Hashimoto, Hideo Oguni","Toshirô Mifune, Takashi Shimura, Keiko Tsushima",1954,Not Rated,3h 27m,"Action Epic, Epic, Period Drama, Samurai, Action, Drama","$820,278"
482571,The Prestige,Christopher Nolan,"Jonathan Nolan, Christopher Nolan, Christopher Priest","Christian Bale, Hugh Jackman, Scarlett Johansson",2006,PG-13,2h 10m,"Period Drama, Steampunk, Tragedy, Drama, Mystery, Sci-Fi, Thriller","$53,089,891"
21749,City Lights,Charles Chaplin,"Charles Chaplin, Harry Carr, Harry Crocker","Charles Chaplin, Virginia Cherrill, Florence Lee",1931,G,1h 27m,"Feel-Good Romance, Romantic Comedy, Satire, Slapstick, Comedy, Drama, Romance","$19,181"
268978,A Beautiful Mind,Ron Howard,"Akiva Goldsman, Sylvia Nasar","Russell Crowe, Ed Harris, Jennifer Connelly",2001,PG-13,2h 15m,"Docudrama, Period Drama, Psychological Drama, Biography, Drama, Mystery","$170,742,341"
57115,The Great Escape,John Sturges,"Paul Brickhill, James Clavell, W.R. Burnett","Steve McQueen, James Garner, Richard Attenborough",1963,Approved,2h 52m,"Epic, Period Drama, Prison Drama, War Epic, Adventure, Drama, Thriller, War",
73195,Jaws,Steven Spielberg,"Peter Benchley, Carl Gottlieb","Roy Scheider, Robert Shaw, Richard Dreyfuss",1975,PG,2h 4m,"Monster Horror, Sea Adventure, Survival, Adventure, Holiday, Horror, Thriller","$280,063,555"
57012,Dr. Strangelove or: How I Learned to Stop Worrying and Love the Bomb,Stanley Kubrick,"Stanley Kubrick, Terry Southern, Peter George","Peter Sellers, George C. Scott, Sterling Hayden",1964,PG,1h 35m,"Dark Comedy, Farce, Political Drama, Quirky Comedy, Satire, Tragedy, Comedy, War","$9,440,272"
114709,Toy Story,John Lasseter,"John Lasseter, Pete Docter, Andrew Stanton","Tom Hanks, Tim Allen, Don Rickles",1995,G,1h 21m,"Buddy Comedy, Computer Animation, Supernatural Fantasy, Urban Adventure, Adventure, Animation, Comedy, Family, Fantasy","$226,725,679"
1187043,3 Idiots,Rajkumar Hirani,"Abhijat Joshi, Rajkumar Hirani, Vidhu Vinod Chopra","Aamir Khan, Madhavan, Mona Singh",2009,PG-13,2h 50m,"Buddy Comedy, Coming-of-Age, Quirky Comedy, Satire, Comedy, Drama","$6,532,874"
105236,Reservoir Dogs,Quentin Tarantino,"Quentin Tarantino, Roger Avary","Harvey Keitel, Tim Roth, Michael Madsen",1992,R,1h 39m,"Gangster, Heist, Crime, Thriller","$2,832,029"
2119532,Hacksaw Ridge,Mel Gibson,"Robert Schenkkan, Andrew Knight","Andrew Garfield, Sam Worthington, Luke Bracey",2016,R,2h 19m,"Docudrama, Epic, Period Drama, War Epic, Biography, Drama, History, War","$67,209,615"
15324,Sherlock Jr.,Buster Keaton,"Jean C. Havez, Joseph A. Mitchell, Clyde Bruckman","Buster Keaton, Kathryn McGuire, Joe Keaton",1924,Passed,45m,"Bumbling Detective, Farce, Feel-Good Romance, Romantic Comedy, Slapstick, Action, Comedy, Romance",
1049413,Up,"Pete Docter, Bob Peterson","Pete Docter, Bob Peterson, Tom McCarthy","Edward Asner, Jordan Nagai, John Ratzenberger",2009,PG,1h 36m,"Buddy Comedy, Coming-of-Age, Computer Animation, Globetrotting Adventure, Quest, Adventure, Animation, Comedy, Drama, Family","$293,004,164"
103064,Terminator 2: Judgment Day,James Cameron,"James Cameron, William Wisher","Arnold Schwarzenegger, Linda Hamilton, Edward Furlong",1991,18+,2h 17m,"Action Epic, Artificial Intelligence, Cyberpunk, Dystopian Sci-Fi, Sci-Fi Epic, Time Travel, Action, Adventure, Sci-Fi","$205,881,154"
36868,The Best Years of Our Lives,William Wyler,"Robert E. Sherwood, MacKinlay Kantor","Myrna Loy, Dana Andrews, Fredric March",1946,Approved,2h 50m,"Epic, Feel-Good Romance, Drama, Romance, War","$23,650,000"
53125,North by Northwest,Alfred Hitchcock,Ernest Lehman,"Cary Grant, Eva Marie Saint, James Mason",1959,Approved,2h 16m,"Spy, Adventure, Drama, Mystery, Thriller","$66,728"
468569,The Dark Knight,Christopher Nolan,"Jonathan Nolan, Christopher Nolan, David S. Goyer","Christian Bale, Heath Ledger, Aaron Eckhart",2008,PG-13,2h 32m,"Action Epic, Epic, Superhero, Tragedy, Action, Crime, Drama, Thriller","$534,987,076"
81505,The Shining,Stanley Kubrick,"Stephen King, Stanley Kubrick, Diane Johnson","Jack Nicholson, Shelley Duvall, Danny Lloyd",1980,R,2h 26m,"Psychological Drama, Psychological Horror, Supernatural Horror, Drama, Horror","$45,634,352"
4154796,Avengers: Endgame,"Anthony Russo, Joe Russo","Christopher Markus, Stephen McFeely, Stan Lee","Robert Downey Jr., Chris Evans, Mark Ruffalo",2019,PG-13,3h 1m,"Space Sci-Fi, Superhero, Time Travel, Tragedy, Action, Adventure, Sci-Fi","$858,373,000"
363163,Der Untergang,Oliver Hirschbiegel,"Bernd Eichinger, Joachim Fest, Traudl Junge","Bruno Ganz, Alexandra Maria Lara, Ulrich Matthes",2004,R,2h 36m,"Docudrama, Political Drama, Tragedy, Biography, Drama, History, War","$5,509,040"
1392214,Prisoners,Denis Villeneuve,Aaron Guzikowski,"Hugh Jackman, Jake Gyllenhaal, Viola Davis",2013,R,2h 33m,"Psychological Thriller, Suspense Mystery, Crime, Drama, Mystery, Thriller","$61,002,302"
87843,Once Upon a Time in America,Sergio Leone,"Harry Grey, Leonardo Benvenuti, Piero De Bernardi","Robert De Niro, James Woods, Elizabeth McGovern",1984,R,3h 49m,"Dark Comedy, Epic, Gangster, Period Drama, Crime, Drama","$5,321,508"
118799,La vita è bella,Roberto Benigni,"Vincenzo Cerami, Roberto Benigni","Roberto Benigni, Nicoletta Braschi, Giorgio Cantarini",1997,PG-13,1h 56m,"Period Drama, Psychological Drama, Romantic Comedy, Tragedy, Tragic Romance, Comedy, Drama, Romance, War","$57,563,264"
117951,Trainspotting,Danny Boyle,"Irvine Welsh, John Hodge","Ewan McGregor, Ewen Bremner, Jonny Lee Miller",1996,R,1h 33m,"Dark Comedy, Drug Crime, Psychological Drama, Crime, Drama","$16,491,080"
10872600,Spider-Man: No Way Home,Jon Watts,"Chris McKenna, Erik Sommers, Stan Lee","Tom Holland, Zendaya, Benedict Cumberbatch",2021,PG-13,2h 28m,"Superhero, Supernatural Fantasy, Urban Adventure, Action, Adventure, Fantasy, Sci-Fi","$814,866,759"
46268,Le salaire de la peur,Henri-Georges Clouzot,"Georges Arnaud, Henri-Georges Clouzot, Jérôme Géronimi","Yves Montand, Charles Vanel, Peter van Eyck",1953,Not Rated,2h 36m,"Psychological Drama, Survival, Adventure, Drama, Thriller","$21,228"
395169,Hotel Rwanda,Terry George,"Keir Pearson, Terry George","Don Cheadle, Sophie Okonedo, Joaquin Phoenix",2004,PG-13,2h 1m,"Docudrama, Epic, Biography, Drama, History, War","$23,530,892"
86250,Scarface,Brian De Palma,"Oliver Stone, Howard Hawks, Ben Hecht","Al Pacino, Michelle Pfeiffer, Steven Bauer",1983,R,2h 50m,"Drug Crime, Epic, Gangster, Tragedy, Crime, Drama","$45,967,303"
112471,Before Sunrise,Richard Linklater,"Richard Linklater, Kim Krizan","Ethan Hawke, Julie Delpy, Andrea Eckert",1995,R,1h 41m,"Comedy, Drama, Romance","$5,535,405"
23849204,12th Fail,Vidhu Vinod Chopra,"Vidhu Vinod Chopra, Jaskunwar Kohli, Anurag Pathak","Vikrant Massey, Medha Shankr, Anant Joshi",2023,2h 27m,,"Docudrama, Biography, Drama",
266697,Kill Bill: Vol. 1,Quentin Tarantino,"Quentin Tarantino, Uma Thurman","Uma Thurman, David Carradine, Daryl Hannah",2003,R,1h 51m,"Kung Fu, Martial Arts, One-Person Army Action, Action, Crime, Thriller","$70,099,045"
53604,The Apartment,Billy Wilder,"Billy Wilder, I.A.L. Diamond","Jack Lemmon, Shirley MacLaine, Fred MacMurray",1960,Approved,2h 5m,"Dark Comedy, Farce, Feel-Good Romance, Holiday Comedy, Holiday Romance, Quirky Comedy, Romantic Comedy, Satire, Workplace Drama, Comedy","$18,600,000"
167404,The Sixth Sense,M. Night Shyamalan,M. Night Shyamalan,"Bruce Willis, Haley Joel Osment, Toni Collette",1999,PG-13,1h 47m,"Psychological Drama, Psychological Thriller, Suspense Mystery, Drama, Mystery, Thriller","$293,506,292"
6751668,Gisaengchung,Bong Joon Ho,"Bong Joon Ho, Han Jin-won","Song Kang-ho, Lee Sun-kyun, Cho Yeo-jeong",2019,R,2h 12m,"Dark Comedy, Psychological Drama, Psychological Thriller, Tragedy, Drama, Thriller","$53,847,897"
88763,Back to the Future,Robert Zemeckis,"Robert Zemeckis, Bob Gale","Michael J. Fox, Christopher Lloyd, Lea Thompson",1985,PG,1h 56m,"High-Concept Comedy, Teen Adventure, Teen Comedy, Time Travel, Urban Adventure, Adventure, Comedy, Sci-Fi","$214,553,307"
102926,The Silence of the Lambs,Jonathan Demme,"Thomas Harris, Ted Tally","Jodie Foster, Anthony Hopkins, Scott Glenn",1991,R,1h 58m,"Police Procedural, Psychological Drama, Psychological Horror, Psychological Thriller, Serial Killer, Crime, Drama, Horror, Thriller","$130,742,922"
1745960,Top Gun: Maverick,Joseph Kosinski,"Jim Cash, Jack Epps Jr., Peter Craig","Tom Cruise, Jennifer Connelly, Miles Teller",2022,PG-13,2h 10m,"Action Epic, Epic, Action, Drama","$718,732,821"
892769,How to Train Your Dragon,"Dean DeBlois, Chris Sanders","William Davies, Dean DeBlois, Chris Sanders","Jay Baruchel, Gerard Butler, Christopher Mintz-Plasse",2010,PG,1h 38m,"Action Epic, Computer Animation, Sword & Sorcery, Teen Adventure, Teen Fantasy, Action, Adventure, Animation, Family, Fantasy","$217,581,231"
72684,Barry Lyndon,Stanley Kubrick,"Stanley Kubrick, William Makepeace Thackeray","Ryan O'Neal, Marisa Berenson, Patrick Magee",1975,PG,3h 5m,"Adventure Epic, Costume Drama, Dark Comedy, Epic, Globetrotting Adventure, Period Drama, Political Drama, Psychological Drama, Tragedy, Adventure",
1895587,Spotlight,Tom McCarthy,"Josh Singer, Tom McCarthy","Mark Ruffalo, Michael Keaton, Rachel McAdams",2015,R,2h 9m,"Docudrama, Legal Drama, Period Drama, True Crime, Workplace Drama, Biography, Crime, Drama","$45,055,776"
5311514,Kimi no Na wa.,Makoto Shinkai,Makoto Shinkai,"Ryûnosuke Kamiki, Mone Kamishiraishi, Ryo Narita",2016,1h 46m,,"Anime, Hand-Drawn Animation, Psychological Drama, Shōjo, Animation, Drama, Fantasy, Romance","$5,017,246"
81398,Raging Bull,Martin Scorsese,"Jake LaMotta, Joseph Carter, Peter Savage","Robert De Niro, Cathy Moriarty, Joe Pesci",1980,R,2h 9m,"Boxing, Docudrama, Period Drama, Biography, Drama, Sport","$23,383,987"
109830,Forrest Gump,Robert Zemeckis,"Winston Groom, Eric Roth","Tom Hanks, Robin Wright, Gary Sinise",1994,PG-13,2h 22m,"Epic, Drama, Romance","$330,455,270"
120815,Saving Private Ryan,Steven Spielberg,Robert Rodat,"Tom Hanks, Matt Damon, Tom Sizemore",1998,R,2h 49m,"Epic, Period Drama, Psychological Drama, Tragedy, War Epic, Drama, War","$217,049,603"
38650,It's a Wonderful Life,Frank Capra,"Frances Goodrich, Albert Hackett, Frank Capra","James Stewart, Donna Reed, Lionel Barrymore",1946,PG,2h 10m,"Feel-Good Romance, Holiday Family, Holiday Romance, Psychological Drama, Supernatural Fantasy, Drama, Family, Fantasy, Holiday, Romance","$1,483,643"
84787,The Thing,John Carpenter,"Bill Lancaster, John W. Campbell Jr.","Kurt Russell, Wilford Brimley, Keith David",1982,R,1h 49m,"Alien Invasion, Body Horror, Monster Horror, Psychological Horror, Supernatural Horror, Suspense Mystery, Tragedy, Horror, Mystery, Sci-Fi","$20,063,820"
33467,Citizen Kane,Orson Welles,"Herman J. Mankiewicz, Orson Welles, John Houseman","Orson Welles, Joseph Cotten, Dorothy Comingore",1941,PG,1h 59m,"Epic, Period Drama, Tragedy, Drama, Mystery","$1,627,530"
54215,Psycho,Alfred Hitchcock,"Joseph Stefano, Robert Bloch","Anthony Perkins, Janet Leigh, Vera Miles",1960,R,1h 49m,"Dark Comedy, Psychological Horror, Psychological Thriller, Slasher Horror, Suspense Mystery, Drama, Horror, Mystery, Thriller","$32,181,230"
4633694,Spider-Man: Into the Spider-Verse,"Bob Persichetti, Peter Ramsey, Rodney Rothman","Phil Lord, Rodney Rothman","Shameik Moore, Jake Johnson, Hailee Steinfeld",2018,PG,1h 57m,"Coming-of-Age, Computer Animation, Quirky Comedy, Superhero, Supernatural Fantasy, Teen Adventure, Teen Comedy, Teen Drama, Urban Adventure, Action","$190,241,310"
10272386,The Father,Florian Zeller,"Christopher Hampton, Florian Zeller","Anthony Hopkins, Olivia Colman, Mark Gatiss",2020,PG-13,1h 37m,"Psychological Drama, Drama, Mystery","$2,122,771"
120586,American History X,Tony Kaye,David McKenna,"Edward Norton, Edward Furlong, Beverly D'Angelo",1998,R,1h 59m,"Prison Drama, Psychological Drama, Tragedy, Crime, Drama","$6,719,864"
107207,In the Name of the Father,Jim Sheridan,"Gerry Conlon, Terry George, Jim Sheridan","Daniel Day-Lewis, Pete Postlethwaite, Alison Crosbie",1993,R,2h 13m,"Docudrama, Legal Drama, Period Drama, Prison Drama, Tragedy, True Crime, Biography, Crime, Drama","$25,096,862"
264464,Catch Me If You Can,Steven Spielberg,"Frank Abagnale Jr., Stan Redding, Jeff Nathanson","Leonardo DiCaprio, Tom Hanks, Christopher Walken",2002,PG-13,2h 21m,"Caper, Coming-of-Age, Docudrama, Globetrotting Adventure, Period Drama, True Crime, Biography, Crime, Drama","$164,615,351"
111161,The Shawshank Redemption,Frank Darabont,"Stephen King, Frank Darabont","Tim Robbins, Morgan Freeman, Bob Gunton",1994,R,2h 22m,"Epic, Period Drama, Prison Drama, Drama","$28,767,189"
110912,Pulp Fiction,Quentin Tarantino,"Quentin Tarantino, Roger Avary","John Travolta, Uma Thurman, Samuel L. Jackson",1994,R,2h 34m,"Dark Comedy, Drug Crime, Gangster, Crime, Drama","$107,928,762"
80678,The Elephant Man,David Lynch,"Christopher De Vore, Eric Bergren, David Lynch","Anthony Hopkins, John Hurt, Anne Bancroft",1980,PG,2h 4m,"Docudrama, Period Drama, Tragedy, Biography, Drama","$26,010,864"
1454029,The Help,Tate Taylor,"Tate Taylor, Kathryn Stockett","Viola Davis, Emma Stone, Octavia Spencer",2011,PG-13,2h 26m,"Period Drama, Drama","$169,708,112"
129167,The Iron Giant,Brad Bird,"Tim McCanlies, Brad Bird, Ted Hughes","Eli Marienthal, Harry Connick Jr., Jennifer Aniston",1999,PG,1h 26m,"Alien Invasion, Artificial Intelligence, Buddy Comedy, Hand-Drawn Animation, High-Concept Comedy, Kaiju, Space Sci-Fi, Action, Adventure, Animation","$23,315,035"
245429,Sen to Chihiro no kamikakushi,Hayao Miyazaki,Hayao Miyazaki,"Daveigh Chase, Suzanne Pleshette, Miyu Irino",2001,PG,2h 4m,"Anime, Coming-of-Age, Fairy Tale, Hand-Drawn Animation, Quest, Supernatural Fantasy, Adventure, Animation, Family, Fantasy","$15,205,725"
50825,Paths of Glory,Stanley Kubrick,"Stanley Kubrick, Calder Willingham, Jim Thompson","Kirk Douglas, Ralph Meeker, Adolphe Menjou",1957,Approved,1h 28m,"Epic, Legal Drama, Period Drama, Political Drama, Psychological Drama, Tragedy, War Epic, Drama, War",
97165,Dead Poets Society,Peter Weir,Tom Schulman,"Robin Williams, Robert Sean Leonard, Ethan Hawke",1989,PG,2h 8m,"Coming-of-Age, Teen Drama, Comedy, Drama","$95,860,116"
3170832,Room,Lenny Abrahamson,Emma Donoghue,"Brie Larson, Jacob Tremblay, Sean Bridgers",2015,R,1h 58m,"Psychological Drama, Drama, Thriller","$14,677,654"
2278388,The Grand Budapest Hotel,Wes Anderson,"Stefan Zweig, Wes Anderson, Hugo Guinness","Ralph Fiennes, F. Murray Abraham, Mathieu Amalric",2014,R,1h 39m,"Quirky Comedy, Comedy, Drama","$59,301,324"
435761,Toy Story 3,Lee Unkrich,"John Lasseter, Andrew Stanton, Lee Unkrich","Tom Hanks, Tim Allen, Joan Cusack",2010,G,1h 43m,"Computer Animation, Psychological Drama, Supernatural Fantasy, Urban Adventure, Adventure, Animation, Comedy, Family, Fantasy","$415,004,880"
31381,Gone with the Wind,Victor Fleming,"Margaret Mitchell, Sidney Howard, Oliver H.P. Garrett","Clark Gable, Vivien Leigh, Thomas Mitchell",1939,G,3h 58m,"Costume Drama, Epic, Period Drama, Romantic Epic, Tragic Romance, War Epic, Drama, Romance, War","$200,882,193"
75148,Rocky,John G. Avildsen,Sylvester Stallone,"Sylvester Stallone, Talia Shire, Burt Young",1976,PG,2h,"Boxing, Drama, Sport","$117,235,147"
118715,The Big Lebowski,"Joel Coen, Ethan Coen","Ethan Coen, Joel Coen","Jeff Bridges, John Goodman, Julianne Moore",1998,R,1h 57m,"Buddy Comedy, Drug Crime, Satire, Stoner Comedy, Comedy, Crime","$19,488,923"
76759,Star Wars,George Lucas,George Lucas,"Mark Hamill, Harrison Ford, Carrie Fisher",1977,PG,2h 1m,"Action Epic, Adventure Epic, Dystopian Sci-Fi, Epic, Fantasy Epic, Quest, Sci-Fi Epic, Space Sci-Fi, Sword & Sorcery, Action","$460,998,507"
17136,Metropolis,Fritz Lang,"Thea von Harbou, Fritz Lang","Brigitte Helm, Alfred Abel, Gustav Fröhlich",1927,Not Rated,2h 33m,"Dystopian Sci-Fi, Epic, Sci-Fi Epic, Steampunk, Drama, Sci-Fi","$1,236,166"
252488,Hababam Sinifi: Sinifta Kaldi,Ertem Egilmez,"Sadik Sendil, Rifat Ilgaz","Münir Özkul, Tarik Akan, Kemal Sunal",1975,1h 35m,,"Satire, Comedy",
4729430,Klaus,"Sergio Pablos, Carlos Martínez López","Sergio Pablos, Jim Mahoney, Zach Lewis","Jason Schwartzman, J.K. Simmons, Rashida Jones",2019,PG,1h 36m,"Hand-Drawn Animation, Holiday Animation, Holiday Comedy, Holiday Family, Adventure, Animation, Comedy, Family, Fantasy, Holiday",
434409,V for Vendetta,James McTeigue,"Lilly Wachowski, Lana Wachowski, David Lloyd","Hugo Weaving, Natalie Portman, Rupert Graves",2005,R,2h 12m,"Action Epic, Dystopian Sci-Fi, Epic, Political Drama, Political Thriller, Superhero, Action, Drama, Sci-Fi, Thriller","$70,511,035"
68646,The Godfather,Francis Ford Coppola,"Mario Puzo, Francis Ford Coppola","Marlon Brando, Al Pacino, James Caan",1972,R,2h 55m,"Epic, Gangster, Tragedy, Crime, Drama","$136,381,073"
1028532,Hachi: A Dog's Tale,Lasse Hallström,"Stephen P. Lindsey, Kaneto Shindô","Richard Gere, Joan Allen, Cary-Hiroyuki Tagawa",2009,G,1h 33m,"Animal Adventure, Biography, Drama, Family",
457430,El laberinto del fauno,Guillermo del Toro,Guillermo del Toro,"Ivana Baquero, Ariadna Gil, Sergi López",2006,R,1h 58m,"Coming-of-Age, Dark Fantasy, Fairy Tale, Period Drama, Supernatural Fantasy, Teen Fantasy, Tragedy, Drama, Fantasy, War","$37,646,380"
17925,The General,"Clyde Bruckman, Buster Keaton","Buster Keaton, Clyde Bruckman, Al Boasberg","Buster Keaton, Marion Mack, Glen Cavender",1926,Passed,1h 18m,"Farce, Slapstick, Action, Adventure, Comedy, Drama, War",
1130884,Shutter Island,Martin Scorsese,"Laeta Kalogridis, Dennis Lehane","Leonardo DiCaprio, Emily Mortimer, Mark Ruffalo",2010,R,2h 18m,"Psychological Thriller, Suspense Mystery, Drama, Mystery, Thriller","$128,012,934"
34583,Casablanca,Michael Curtiz,"Philip G. Epstein, Julius J. Epstein, Howard Koch","Humphrey Bogart, Ingrid Bergman, Paul Henreid",1942,PG,1h 42m,"Psychological Drama, Drama, Romance, War","$4,219,709"
31679,Mr. Smith Goes to Washington,Frank Capra,"Sidney Buchman, Lewis R. Foster, Myles Connolly","James Stewart, Jean Arthur, Claude Rains",1939,Approved,2h 9m,"Political Drama, Comedy, Drama","$144,738"
137523,Fight Club,David Fincher,"Chuck Palahniuk, Jim Uhls","Brad Pitt, Edward Norton, Meat Loaf",1999,R,2h 19m,"Dark Comedy, Psychological Drama, Psychological Thriller, Workplace Drama, Crime, Drama, Thriller","$37,030,102"
253474,The Pianist,Roman Polanski,"Ronald Harwood, Wladyslaw Szpilman","Adrien Brody, Thomas Kretschmann, Frank Finlay",2002,R,2h 30m,"Docudrama, Epic, Period Drama, Tragedy, War Epic, Biography, Drama, Music, War","$32,590,750"
46438,Tôkyô monogatari,Yasujirô Ozu,"Kôgo Noda, Yasujirô Ozu","Chishû Ryû, Chieko Higashiyama, Sô Yamamura",1953,Not Rated,2h 17m,"Psychological Drama, Drama",
52357,Vertigo,Alfred Hitchcock,"Alec Coppel, Samuel A. Taylor, Pierre Boileau","James Stewart, Kim Novak, Barbara Bel Geddes",1958,PG,2h 8m,"Conspiracy Thriller, Dark Romance, Psychological Thriller, Suspense Mystery, Tragedy, Mystery, Romance, Thriller","$7,863,310"
119217,Good Will Hunting,Gus Van Sant,"Matt Damon, Ben Affleck","Robin Williams, Matt Damon, Ben Affleck",1997,R,2h 6m,"Coming-of-Age, Psychological Drama, Drama, Romance","$138,433,435"
2024544,12 Years a Slave,Steve McQueen,"John Ridley, Solomon Northup","Chiwetel Ejiofor, Michael Kenneth Williams, Michael Fassbender",2013,R,2h 14m,"Costume Drama, Docudrama, Epic, Period Drama, Psychological Drama, Tragedy, Biography, Drama, History","$56,671,993"
353969,Salinui chueok,Bong Joon Ho,"Bong Joon Ho, Kwang-rim Kim, Sung-bo Shim","Song Kang-ho, Kim Sang-kyung, Kim Roe-ha",2003,Not Rated,2h 11m,"Dark Comedy, Police Procedural, Serial Killer, True Crime, Crime, Drama, Mystery, Thriller","$15,357"
26548265,Maharaja,Nithilan Saminathan,Nithilan Saminathan,"Vijay Sethupathi, Anurag Kashyap, Mamta Mohandas",2024,2h 21m,,"One-Person Army Action, Action, Crime, Drama, Thriller",
317705,The Incredibles,Brad Bird,Brad Bird,"Craig T. Nelson, Samuel L. Jackson, Holly Hunter",2004,PG,1h 55m,"Computer Animation, Superhero, Action, Adventure, Animation, Family","$261,441,092"
4016934,Ah-ga-ssi,Park Chan-wook,"Sarah Waters, Chung Seo-kyung, Park Chan-wook","Kim Min-hee, Ha Jung-woo, Cho Jin-woong",2016,Not Rated,2h 25m,"Dark Romance, Erotic Thriller, Psychological Thriller, Steamy Romance, Drama, Romance, Thriller","$2,006,788"
1255953,Incendies,Denis Villeneuve,"Wajdi Mouawad, Denis Villeneuve, Valérie Beaugrand-Champagne","Lubna Azabal, Mélissa Désormeaux-Poulin, Maxim Gaudette",2010,R,2h 11m,"Suspense Mystery, Drama, Mystery, War","$2,071,334"
1853728,Django Unchained,Quentin Tarantino,Quentin Tarantino,"Jamie Foxx, Christoph Waltz, Leonardo DiCaprio",2012,R,2h 45m,"Dark Comedy, Epic, One-Person Army Action, Period Drama, Western Epic, Western","$162,805,434"
405094,Das Leben der Anderen,Florian Henckel von Donnersmarck,Florian Henckel von Donnersmarck,"Ulrich Mühe, Martina Gedeck, Sebastian Koch",2006,R,2h 17m,"Political Thriller, Psychological Drama, Spy, Drama, Mystery, Thriller","$11,286,112"
12349,The Kid,Charles Chaplin,Charles Chaplin,"Charles Chaplin, Edna Purviance, Jackie Coogan",1921,Passed,1h 8m,"Buddy Comedy, Farce, Slapstick, Comedy, Drama, Family",
1205489,Gran Torino,Clint Eastwood,"Nick Schenk, Dave Johannson","Clint Eastwood, Bee Vang, Christopher Carley",2008,R,1h 56m,"Dark Comedy, Psychological Drama, Drama","$148,095,302"
169547,American Beauty,Sam Mendes,Alan Ball,"Kevin Spacey, Annette Bening, Thora Birch",1999,R,2h 2m,"Psychological Drama, Tragedy, Drama","$130,096,601"
96283,Tonari no Totoro,Hayao Miyazaki,Hayao Miyazaki,"Hitoshi Takagi, Noriko Hidaka, Chika Sakamoto",1988,G,1h 26m,"Anime, Fairy Tale, Hand-Drawn Animation, Iyashikei, Adventure, Animation, Comedy, Family, Fantasy","$2,250,213"
74958,Network,Sidney Lumet,Paddy Chayefsky,"Faye Dunaway, William Holden, Peter Finch",1976,R,2h 1m,"Dark Comedy, Workplace Drama, Drama","$23,689,877"
55031,Judgment at Nuremberg,Stanley Kramer,"Abby Mann, Montgomery Clift","Spencer Tracy, Burt Lancaster, Richard Widmark",1961,Approved,2h 59m,"Legal Drama, Drama, History, War",
1392190,Mad Max: Fury Road,George Miller,"George Miller, Brendan McCarthy, Nick Lathouris","Tom Hardy, Charlize Theron, Nicholas Hoult",2015,R,2h,"Action Epic, Adventure Epic, Car Action, Desert Adventure, Dystopian Sci-Fi, Epic, Quest, Road Trip, Action, Adventure","$154,280,290"
15864,The Gold Rush,Charles Chaplin,Charles Chaplin,"Charles Chaplin, Mack Swain, Tom Murray",1925,Approved,1h 35m,"Farce, Feel-Good Romance, Romantic Comedy, Satire, Slapstick, Adventure, Comedy, Drama, Romance, Western",
119488,L.A. Confidential,Curtis Hanson,"James Ellroy, Brian Helgeland, Curtis Hanson","Kevin Spacey, Russell Crowe, Guy Pearce",1997,R,2h 18m,"Conspiracy Thriller, Cop Drama, Hard-boiled Detective, Period Drama, Police Procedural, Suspense Mystery, Whodunnit, Crime, Drama, Mystery","$64,616,940"
5074352,Dangal,Nitesh Tiwari,"Piyush Gupta, Shreyas Jain, Nikhil Mehrotra","Aamir Khan, Sakshi Tanwar, Fatima Sana Shaikh",2016,Not Rated,2h 41m,"Coming-of-Age, Martial Arts, Action, Biography, Drama, Sport","$12,391,761"
46912,Dial M for Murder,Alfred Hitchcock,Frederick Knott,"Ray Milland, Grace Kelly, Robert Cummings",1954,PG,1h 45m,"Crime, Drama, Mystery, Thriller","$24,845"
910970,WALL·E,Andrew Stanton,"Andrew Stanton, Pete Docter, Jim Reardon","Ben Burtt, Elissa Knight, Jeff Garlin",2008,G,1h 38m,"Adventure Epic, Artificial Intelligence, Computer Animation, Dystopian Sci-Fi, Epic, Psychological Drama, Sci-Fi Epic, Space Sci-Fi, Adventure, Animation","$223,808,164"
97576,Indiana Jones and the Last Crusade,Steven Spielberg,"Jeffrey Boam, George Lucas, Menno Meyjes","Harrison Ford, Sean Connery, Alison Doody",1989,PG-13,2h 7m,"Action Epic, Adventure Epic, Desert Adventure, Epic, Globetrotting Adventure, Quest, Action, Adventure","$197,171,806"
29623480,The Wild Robot,Chris Sanders,"Chris Sanders, Peter Brown","Lupita Nyong'o, Pedro Pascal, Kit Connor",2024,PG,1h 42m,"Animal Adventure, Artificial Intelligence, Computer Animation, Survival, Adventure, Animation, Family, Sci-Fi","$143,901,945"
3011894,Relatos salvajes,Damián Szifron,"Julian Loyola, Damián Szifron, Germán Servidio","Darío Grandinetti, María Marull, Mónica Villa",2014,R,2h 2m,"Dark Comedy, Comedy, Drama, Thriller","$3,106,530"
1979320,Rush,Ron Howard,Peter Morgan,"Daniel Brühl, Chris Hemsworth, Olivia Wilde",2013,R,2h 3m,"Docudrama, Motorsport, Period Drama, Biography, Drama, Sport","$26,947,624"
4154756,Avengers: Infinity War,"Anthony Russo, Joe Russo","Christopher Markus, Stephen McFeely, Stan Lee","Robert Downey Jr., Chris Hemsworth, Mark Ruffalo",2018,PG-13,2h 29m,"Space Sci-Fi, Superhero, Action, Adventure, Sci-Fi","$678,815,482"
338013,Eternal Sunshine of the Spotless Mind,Michel Gondry,"Charlie Kaufman, Michel Gondry, Pierre Bismuth","Jim Carrey, Kate Winslet, Tom Wilkinson",2004,R,1h 48m,"Dark Romance, Psychological Drama, Drama, Romance, Sci-Fi","$34,400,301"
2380307,Coco,"Lee Unkrich, Adrian Molina","Lee Unkrich, Jason Katz, Matthew Aldrich","Anthony Gonzalez, Gael García Bernal, Benjamin Bratt",2017,PG,1h 45m,"Computer Animation, Dark Comedy, Supernatural Fantasy, Adventure, Animation, Drama, Family, Fantasy, Music, Mystery","$210,460,015"
209144,Memento,Christopher Nolan,"Christopher Nolan, Jonathan Nolan","Guy Pearce, Carrie-Anne Moss, Joe Pantoliano",2000,R,1h 53m,"Psychological Thriller, Suspense Mystery, Drama, Mystery, Thriller","$25,544,867"
73486,One Flew Over the Cuckoo's Nest,Milos Forman,"Lawrence Hauben, Bo Goldman, Ken Kesey","Jack Nicholson, Louise Fletcher, Michael Berryman",1975,R,2h 13m,"Medical Drama, Psychological Drama, Drama","$108,981,275"
60196,"Il buono, il brutto, il cattivo",Sergio Leone,"Luciano Vincenzoni, Sergio Leone, Agenore Incrocci","Clint Eastwood, Eli Wallach, Lee Van Cleef",1966,R,2h 41m,"Action Epic, Adventure Epic, Dark Comedy, Desert Adventure, Epic, Period Drama, Quest, Spaghetti Western, Western Epic, Adventure","$25,100,000"
1305806,El secreto de sus ojos,Juan José Campanella,"Eduardo Sacheri, Juan José Campanella","Ricardo Darín, Soledad Villamil, Pablo Rago",2009,R,2h 9m,"Dark Romance, Erotic Thriller, Legal Thriller, Period Drama, Psychological Drama, Psychological Thriller, Suspense Mystery, Tragedy, Whodunnit, Drama","$6,391,436"
36775,Double Indemnity,Billy Wilder,"Billy Wilder, Raymond Chandler, James M. Cain","Fred MacMurray, Barbara Stanwyck, Edward G. Robinson",1944,Approved,1h 47m,"Film Noir, Hard-boiled Detective, Crime, Drama, Mystery, Thriller",
986264,Taare Zameen Par,Aamir Khan,Amole Gupte,"Darsheel Safary, Aamir Khan, Tisca Chopra",2007,PG,2h 42m,"Coming-of-Age, Drama, Family","$1,223,869"
758758,Into the Wild,Sean Penn,"Sean Penn, Jon Krakauer","Emile Hirsch, Vince Vaughn, Catherine Keener",2007,R,2h 28m,"Coming-of-Age, Docudrama, Road Trip, Survival, Tragedy, Adventure, Biography, Drama","$18,354,356"
978762,Mary and Max.,Adam Elliot,Adam Elliot,"Toni Collette, Philip Seymour Hoffman, Eric Bana",2009,Not Rated,1h 32m,"Adult Animation, Coming-of-Age, Dark Comedy, Psychological Drama, Stop Motion Animation, Animation, Comedy, Drama",
66921,A Clockwork Orange,Stanley Kubrick,"Stanley Kubrick, Anthony Burgess","Malcolm McDowell, Patrick Magee, Michael Bates",1971,R,2h 16m,"Dark Comedy, Dystopian Sci-Fi, Crime, Sci-Fi","$26,617,553"
105695,Unforgiven,Clint Eastwood,David Webb Peoples,"Clint Eastwood, Gene Hackman, Morgan Freeman",1992,R,2h 10m,"Period Drama, Tragedy, Drama, Western","$101,167,799"
32553,The Great Dictator,Charles Chaplin,Charles Chaplin,"Charles Chaplin, Paulette Goddard, Jack Oakie",1940,G,2h 5m,"Dark Comedy, Parody, Political Drama, Satire, Slapstick, Comedy, Drama, War",
325980,Pirates of the Caribbean: The Curse of the Black Pearl,Gore Verbinski,"Ted Elliott, Terry Rossio, Stuart Beattie","Johnny Depp, Geoffrey Rush, Orlando Bloom",2003,PG-13,2h 23m,"Sea Adventure, Supernatural Fantasy, Swashbuckler, Sword & Sandal, Action, Adventure, Fantasy","$305,413,918"
120737,The Lord of the Rings: The Fellowship of the Ring,Peter Jackson,"J.R.R. Tolkien, Fran Walsh, Philippa Boyens","Elijah Wood, Ian McKellen, Orlando Bloom",2001,PG-13,2h 58m,"Action Epic, Adventure Epic, Dark Fantasy, Epic, Fantasy Epic, Quest, Sword & Sorcery, Adventure, Drama, Fantasy","$319,372,078"
110413,Léon,Luc Besson,Luc Besson,"Jean Reno, Gary Oldman, Natalie Portman",1994,R,1h 50m,"Gangster, One-Person Army Action, Action, Crime, Drama, Thriller","$19,501,238"
59578,Per qualche dollaro in più,Sergio Leone,"Sergio Leone, Fulvio Morsella, Luciano Vincenzoni","Clint Eastwood, Lee Van Cleef, Gian Maria Volontè",1965,R,2h 12m,"One-Person Army Action, Period Drama, Quest, Spaghetti Western, Drama, Western","$15,000,000"
346336,La meglio gioventù,Marco Tullio Giordana,"Sandro Petraglia, Stefano Rulli","Luigi Lo Cascio, Alessio Boni, Jasmine Trinca",2003,R,6h 14m,"Epic, Drama, Romance","$274,024"
9362722,Spider-Man: Across the Spider-Verse,"Joaquim Dos Santos, Kemp Powers, Justin K. Thompson","Phil Lord, Christopher Miller, Dave Callaham","Shameik Moore, Hailee Steinfeld, Brian Tyree Henry",2023,PG,2h 20m,"Computer Animation, Superhero, Supernatural Fantasy, Teen Adventure, Urban Adventure, Action, Adventure, Animation, Family, Fantasy","$381,593,754"
41959,The Third Man,Carol Reed,"Graham Greene, Orson Welles, Alexander Korda","Orson Welles, Joseph Cotten, Alida Valli",1949,Approved,1h 44m,"Film Noir, Hard-boiled Detective, Spy, Whodunnit, Drama, Mystery, Thriller","$1,067,364"
107290,Jurassic Park,Steven Spielberg,"Michael Crichton, David Koepp","Sam Neill, Laura Dern, Jeff Goldblum",1993,PG-13,2h 7m,"Dinosaur Adventure, Jungle Adventure, Action, Adventure, Sci-Fi, Thriller","$407,185,075"
40897,The Treasure of the Sierra Madre,John Huston,"John Huston, B. Traven","Humphrey Bogart, Walter Huston, Tim Holt",1948,Approved,2h 6m,"Tragedy, Adventure, Drama, Western","$5,014,000"
120382,The Truman Show,Peter Weir,Andrew Niccol,"Jim Carrey, Ed Harris, Laura Linney",1998,PG,1h 43m,"Dark Comedy, High-Concept Comedy, Psychological Drama, Satire, Showbiz Drama, Comedy, Drama","$125,618,201"
1675434,Intouchables,"Olivier Nakache, Éric Toledano","Olivier Nakache, Éric Toledano, Philippe Pozzo di Borgo","François Cluzet, Omar Sy, Anne Le Ny",2011,R,1h 52m,"Buddy Comedy, Docudrama, Comedy, Drama","$10,198,820"
47296,On the Waterfront,Elia Kazan,"Budd Schulberg, Malcolm Johnson, Robert Siodmak","Marlon Brando, Karl Malden, Lee J. Cobb",1954,Approved,1h 48m,"Legal Drama, Legal Thriller, Tragedy, Crime, Drama, Thriller",
58946,La battaglia di Algeri,Gillo Pontecorvo,"Franco Solinas, Gillo Pontecorvo","Brahim Hadjadj, Jean Martin, Yacef Saadi",1966,Not Rated,2h 1m,"Docudrama, Political Drama, Drama, War","$879,794"
99685,GoodFellas,Martin Scorsese,"Nicholas Pileggi, Martin Scorsese","Robert De Niro, Ray Liotta, Joe Pesci",1990,R,2h 25m,"Docudrama, Gangster, True Crime, Biography, Crime, Drama","$46,909,721"
476735,Babam ve Oglum,Çagan Irmak,Çagan Irmak,"Çetin Tekindor, Fikret Kuskan, Hümeyra",2005,Not Rated,1h 52m,"Coming-of-Age, Political Drama, Drama, Family",
50083,12 Angry Men,Sidney Lumet,Reginald Rose,"Henry Fonda, Lee J. Cobb, Martin Balsam",1957,Approved,1h 36m,"Legal Drama, Psychological Drama, Crime, Drama",
8579674,1917,Sam Mendes,"Sam Mendes, Krysty Wilson-Cairns","Dean-Charles Chapman, George MacKay, Daniel Mays",2019,R,1h 59m,"Epic, Period Drama, War Epic, Action, Drama, War","$159,227,644"
57565,Tengoku to jigoku,Akira Kurosawa,"Hideo Oguni, Ryûzô Kikushima, Eijirô Hisaita","Toshirô Mifune, Yutaka Sada, Tatsuya Nakadai",1963,Not Rated,2h 23m,"Police Procedural, Crime, Drama, Mystery, Thriller","$46,808"
118849,Bacheha-ye aseman,Majid Majidi,Majid Majidi,"Reza Naji, Amir Farrokh Hashemian, Bahare Seddiqi",1997,PG,1h 29m,"Drama, Family, Sport","$933,933"
83658,Blade Runner,Ridley Scott,"Hampton Fancher, David Webb Peoples, Philip K. Dick","Harrison Ford, Rutger Hauer, Sean Young",1982,R,1h 57m,"Artificial Intelligence, Cyber Thriller, Cyberpunk, Dystopian Sci-Fi, Action, Drama, Sci-Fi, Thriller","$32,914,489"
382932,Ratatouille,"Brad Bird, Jan Pinkava","Brad Bird, Jan Pinkava, Jim Capobianco","Brad Garrett, Lou Romano, Patton Oswalt",2007,G,1h 51m,"Animal Adventure, Buddy Comedy, Computer Animation, Satire, Adventure, Animation, Comedy, Family, Fantasy","$206,445,654"
8267604,Capharnaüm,Nadine Labaki,"Nadine Labaki, Jihad Hojeily, Michelle Keserwany","Zain Al Rafeea, Yordanos Shiferaw, Boluwatife Treasure Bankole",2018,R,2h 6m,"Coming-of-Age, Legal Drama, Psychological Drama, Drama","$1,661,096"
91763,Platoon,Oliver Stone,Oliver Stone,"Charlie Sheen, Tom Berenger, Willem Dafoe",1986,R,2h,"Drama, War","$138,530,565"
78788,Apocalypse Now,Francis Ford Coppola,"John Milius, Francis Ford Coppola, Michael Herr","Martin Sheen, Marlon Brando, Robert Duvall",1979,R,2h 27m,"Adventure Epic, Epic, Hard-boiled Detective, Psychological Drama, Quest, Suspense Mystery, War Epic, Drama, Mystery, War","$96,074,376"
211915,Le fabuleux destin d'Amélie Poulain,Jean-Pierre Jeunet,"Guillaume Laurant, Jean-Pierre Jeunet","Audrey Tautou, Mathieu Kassovitz, Rufus",2001,R,2h 2m,"Feel-Good Romance, Quirky Comedy, Romantic Comedy, Comedy, Romance","$33,712,444"
55630,Yôjinbô,Akira Kurosawa,"Akira Kurosawa, Ryûzô Kikushima","Toshirô Mifune, Eijirô Tôno, Tatsuya Nakadai",1961,Not Rated,1h 50m,"One-Person Army Action, Period Drama, Samurai, Action, Drama, Thriller","$46,808"
70735,The Sting,George Roy Hill,David S. Ward,"Paul Newman, Robert Redford, Robert Shaw",1973,PG,2h 9m,"Caper, Comedy, Crime, Drama","$156,000,000"
2096673,Inside Out,"Pete Docter, Ronnie Del Carmen","Pete Docter, Ronnie Del Carmen, Meg LeFauve","Amy Poehler, Bill Hader, Lewis Black",2015,PG,1h 35m,"Coming-of-Age, Computer Animation, Farce, High-Concept Comedy, Psychological Drama, Adventure, Animation, Comedy, Drama, Family","$356,461,711"
59742,The Sound of Music,Robert Wise,"Georg Hurdalek, Howard Lindsay, Russel Crouse","Julie Andrews, Christopher Plummer, Eleanor Parker",1965,G,2h 52m,"Classic Musical, Epic, Period Drama, Biography, Drama, Family, Musical, Romance","$160,773,770"
1832382,Jodaeiye Nader az Simin,Asghar Farhadi,Asghar Farhadi,"Payman Maadi, Leila Hatami, Sareh Bayat",2011,PG-13,2h 3m,"Legal Drama, Psychological Drama, Drama","$7,099,055"
113277,Heat,Michael Mann,Michael Mann,"Al Pacino, Robert De Niro, Val Kilmer",1995,R,2h 50m,"Action Epic, Cop Drama, Epic, Gangster, Heist, Action, Crime, Drama","$67,436,818"
51201,Witness for the Prosecution,Billy Wilder,"Agatha Christie, Billy Wilder, Harry Kurnitz","Tyrone Power, Marlene Dietrich, Charles Laughton",1957,Approved,1h 56m,"Legal Drama, Legal Thriller, Whodunnit, Crime, Drama, Mystery, Thriller",
347149,Hauru no ugoku shiro,Hayao Miyazaki,"Hayao Miyazaki, Diana Wynne Jones","Chieko Baishô, Takuya Kimura, Tatsuya Gashûin",2004,PG,1h 59m,"Adventure Epic, Anime, Hand-Drawn Animation, Supernatural Fantasy, Adventure, Animation, Family, Fantasy","$9,173,958"
1375666,Inception,Christopher Nolan,Christopher Nolan,"Leonardo DiCaprio, Joseph Gordon-Levitt, Elliot Page",2010,PG-13,2h 28m,"Action Epic, Adventure Epic, Epic, Psychological Thriller, Sci-Fi Epic, Action, Adventure, Sci-Fi, Thriller","$292,587,330"
45152,Singin' in the Rain,"Stanley Donen, Gene Kelly","Betty Comden, Adolph Green","Gene Kelly, Donald O'Connor, Debbie Reynolds",1952,G,1h 43m,"Classic Musical, Feel-Good Romance, Jukebox Musical, Romantic Comedy, Satire, Comedy, Musical, Romance","$1,884,537"
2267998,Gone Girl,David Fincher,Gillian Flynn,"Ben Affleck, Rosamund Pike, Neil Patrick Harris",2014,R,2h 29m,"Erotic Thriller, Psychological Drama, Psychological Thriller, Suspense Mystery, Tragedy, Whodunnit, Drama, Mystery, Thriller","$167,767,189"
1201607,Harry Potter and the Deathly Hallows: Part 2,David Yates,"Steve Kloves, J.K. Rowling","Daniel Radcliffe, Emma Watson, Rupert Grint",2011,PG-13,2h 10m,"Action Epic, Dark Fantasy, Fantasy Epic, Teen Adventure, Teen Fantasy, Tragedy, Adventure, Family, Fantasy, Mystery","$381,447,587"
82971,Raiders of the Lost Ark,Steven Spielberg,"Lawrence Kasdan, George Lucas, Philip Kaufman","Harrison Ford, Karen Allen, Paul Freeman",1981,PG,1h 55m,"Action Epic, Adventure Epic, Desert Adventure, Epic, Globetrotting Adventure, Quest, Action, Adventure","$248,159,971"
2582802,Whiplash,Damien Chazelle,Damien Chazelle,"Miles Teller, J.K. Simmons, Melissa Benoist",2014,R,1h 46m,"Psychological Drama, Drama, Music","$14,003,391"
42192,All About Eve,Joseph L. Mankiewicz,"Joseph L. Mankiewicz, Mary Orr","Bette Davis, Anne Baxter, George Sanders",1950,Approved,2h 18m,"Showbiz Drama, Drama","$63,463"
317248,Cidade de Deus,"Fernando Meirelles, Kátia Lund","Bráulio Mantovani, Paulo Lins","Alexandre Rodrigues, Leandro Firmino, Matheus Nachtergaele",2002,R,2h 10m,"Caper, Coming-of-Age, Gangster, Crime, Drama","$7,564,459"
114369,Se7en,David Fincher,Andrew Kevin Walker,"Morgan Freeman, Brad Pitt, Kevin Spacey",1995,R,2h 7m,"Cop Drama, Hard-boiled Detective, Police Procedural, Psychological Drama, Psychological Thriller, Serial Killer, Tragedy, Crime, Drama, Mystery","$101,040,643"
198781,"Monsters, Inc.","Pete Docter, David Silverman, Lee Unkrich","Pete Docter, Jill Culton, Jeff Pidgeon","Billy Crystal, John Goodman, Mary Gibbs",2001,G,1h 32m,"Buddy Comedy, Computer Animation, Farce, Satire, Supernatural Fantasy, Urban Adventure, Adventure, Animation, Comedy, Family","$290,642,256"
27977,Modern Times,Charles Chaplin,Charles Chaplin,"Charles Chaplin, Paulette Goddard, Henry Bergman",1936,G,1h 27m,"Romantic Comedy, Satire, Slapstick, Comedy, Drama, Romance","$163,577"
1950186,Ford v Ferrari,James Mangold,"Jez Butterworth, John-Henry Butterworth, Jason Keller","Matt Damon, Christian Bale, Jon Bernthal",2019,PG-13,2h 32m,"Car Action, Docudrama, Motorsport, Period Drama, Action, Biography, Drama, Sport","$117,624,357"
3315342,Logan,James Mangold,"James Mangold, Scott Frank, Michael Green","Hugh Jackman, Patrick Stewart, Dafne Keen",2017,R,2h 17m,"Dystopian Sci-Fi, Road Trip, Superhero, Action, Drama, Sci-Fi, Thriller","$226,277,068"
4430212,Drishyam,Nishikant Kamat,"Jeethu Joseph, Upendra Sidhaye","Ajay Devgn, Shriya Saran, Tabu",2015,Not Rated,2h 43m,"Suspense Mystery, Crime, Drama, Mystery, Thriller",
5027774,"Three Billboards Outside Ebbing, Missouri",Martin McDonagh,Martin McDonagh,"Frances McDormand, Woody Harrelson, Sam Rockwell",2017,R,1h 55m,"Dark Comedy, Satire, Comedy, Crime, Drama","$54,513,740"
50212,The Bridge on the River Kwai,David Lean,"Pierre Boulle, Carl Foreman, Michael Wilson","William Holden, Alec Guinness, Jack Hawkins",1957,PG,2h 41m,"Jungle Adventure, War Epic, Adventure, Drama, War","$27,200,000"
1954470,Gangs of Wasseypur,Anurag Kashyap,"Akhilesh Jaiswal, Anurag Kashyap, Sachin K. Ladia","Manoj Bajpayee, Nawazuddin Siddiqui, Tigmanshu Dhulia",2012,Not Rated,5h 21m,"Gangster, Satire, True Crime, Action, Comedy, Crime, Drama, Thriller",
71853,Monty Python and the Holy Grail,"Terry Gilliam, Terry Jones","Graham Chapman, John Cleese, Eric Idle","Graham Chapman, John Cleese, Eric Idle",1975,PG,1h 31m,"Farce, Parody, Quest, Satire, Sketch Comedy, Slapstick, Sword & Sorcery, Adventure, Comedy, Fantasy","$2,562,392"
77416,The Deer Hunter,Michael Cimino,"Michael Cimino, Deric Washburn, Louis Garfinkle","Robert De Niro, Christopher Walken, John Cazale",1978,R,3h 3m,"Epic, War Epic, Drama, War","$48,979,328"
32551,The Grapes of Wrath,John Ford,"Nunnally Johnson, John Steinbeck","Henry Fonda, Jane Darwell, John Carradine",1940,Approved,2h 9m,"Period Drama, Tragedy, Drama",
56592,To Kill a Mockingbird,Robert Mulligan,"Harper Lee, Horton Foote","Gregory Peck, John Megna, Frank Overton",1962,Approved,2h 9m,"Legal Drama, Period Drama, Crime, Drama","$592,237"
113247,La haine,Mathieu Kassovitz,Mathieu Kassovitz,"Vincent Cassel, Hubert Koundé, Saïd Taghmaoui",1995,Not Rated,1h 38m,"Gangster, Psychological Drama, Crime, Drama","$280,859"
22100,M - Eine Stadt sucht einen Mörder,Fritz Lang,"Thea von Harbou, Fritz Lang, Egon Jacobsohn","Peter Lorre, Ellen Widmann, Inge Landgut",1931,Passed,1h 57m,"Psychological Thriller, Serial Killer, Suspense Mystery, Crime, Mystery, Thriller","$35,566"
993846,The Wolf of Wall Street,Martin Scorsese,"Terence Winter, Jordan Belfort","Leonardo DiCaprio, Jonah Hill, Margot Robbie",2013,R,3h,"Dark Comedy, Docudrama, Epic, Raunchy Comedy, Satire, True Crime, Biography, Comedy, Crime, Drama","$116,900,694"
19254,La passion de Jeanne d'Arc,Carl Theodor Dreyer,"Joseph Delteil, Carl Theodor Dreyer","Maria Falconetti, Eugene Silvain, André Berley",1928,Passed,1h 50m,"Costume Drama, Legal Drama, Period Drama, Psychological Drama, Tragedy, Biography, Drama, History","$21,877"
15398776,Oppenheimer,Christopher Nolan,"Christopher Nolan, Kai Bird, Martin Sherwin","Cillian Murphy, Emily Blunt, Matt Damon",2023,R,3h,"Docudrama, Epic, Historical Epic, Period Drama, Psychological Drama, Biography, Drama, History","$330,078,895"
44741,Ikiru,Akira Kurosawa,"Akira Kurosawa, Shinobu Hashimoto, Hideo Oguni","Takashi Shimura, Nobuo Kaneko, Shin'ichi Himori",1952,Not Rated,2h 23m,"Psychological Drama, Tragedy, Drama","$60,239"
88247,The Terminator,James Cameron,"James Cameron, Gale Anne Hurd, William Wisher","Arnold Schwarzenegger, Linda Hamilton, Michael Biehn",1984,R,1h 47m,"Artificial Intelligence, Cyberpunk, Dystopian Sci-Fi, Time Travel, Urban Adventure, Action, Adventure, Sci-Fi","$38,371,200"
120689,The Green Mile,Frank Darabont,"Stephen King, Frank Darabont","Tom Hanks, Michael Clarke Duncan, David Morse",1999,R,3h 9m,"Period Drama, Prison Drama, Supernatural Fantasy, Tragedy, Crime, Drama, Fantasy, Mystery","$136,801,374"
2106476,Jagten,Thomas Vinterberg,"Thomas Vinterberg, Tobias Lindholm","Mads Mikkelsen, Thomas Bo Larsen, Annika Wedderkopp",2012,R,1h 55m,"Psychological Drama, Tragedy, Drama","$613,308"
50976,Det sjunde inseglet,Ingmar Bergman,Ingmar Bergman,"Max von Sydow, Gunnar Björnstrand, Bengt Ekerot",1957,Not Rated,1h 36m,"Psychological Drama, Drama, Fantasy",
95765,Nuovo Cinema Paradiso,Giuseppe Tornatore,"Giuseppe Tornatore, Vanna Paoli","Philippe Noiret, Enzo Cannavale, Antonella Attili",1988,PG,2h 54m,"Coming-of-Age, Drama, Romance","$12,397,210"
86879,Amadeus,Milos Forman,"Peter Shaffer, Zdenek Mahler","F. Murray Abraham, Tom Hulce, Elizabeth Berridge",1984,PG,2h 40m,"Costume Drama, Epic, Period Drama, Tragedy, Biography, Drama, Music","$51,973,029"
11032374,Gekijô-ban Kimetsu no Yaiba Mugen Ressha-hen,Haruo Sotozaki,Koyoharu Gotouge,"Natsuki Hanae, Akari Kitô, Yoshitsugu Matsuoka",2020,TV-MA,1h 57m,"Adult Animation, Anime, Dark Fantasy, Hand-Drawn Animation, Shōnen, Superhero, Supernatural Fantasy, Sword & Sorcery, Action, Adventure","$49,888,550"
92005,Stand by Me,Rob Reiner,"Stephen King, Raynold Gideon, Bruce A. Evans","Wil Wheaton, River Phoenix, Corey Feldman",1986,R,1h 29m,"Coming-of-Age, Dark Comedy, Quest, Adventure, Comedy, Drama","$52,287,414"
361748,Inglourious Basterds,Quentin Tarantino,Quentin Tarantino,"Brad Pitt, Diane Kruger, Eli Roth",2009,R,2h 33m,"Dark Comedy, Period Drama, Adventure, Drama, War","$120,540,719"
40522,Ladri di biciclette,Vittorio De Sica,"Cesare Zavattini, Luigi Bartolini, Oreste Biancoli","Lamberto Maggiorani, Enzo Staiola, Lianella Carell",1948,Not Rated,1h 29m,"Psychological Drama, Quest, Tragedy, Drama, Financial Drama","$371,111"
95016,Die Hard,John McTiernan,"Roderick Thorp, Jeb Stuart, Steven E. de Souza","Bruce Willis, Alan Rickman, Bonnie Bedelia",1988,R,2h 12m,"Dark Comedy, Disaster, One-Person Army Action, Action, Holiday, Thriller","$85,892,546"
56172,Lawrence of Arabia,David Lean,"Robert Bolt, Michael Wilson","Peter O'Toole, Alec Guinness, Anthony Quinn",1962,PG,3h 47m,"Adventure Epic, Desert Adventure, Epic, Tragedy, War Epic, Adventure, Biography, Drama, War","$45,306,425"
50986,Smultronstället,Ingmar Bergman,Ingmar Bergman,"Victor Sjöström, Bibi Andersson, Ingrid Thulin",1957,Not Rated,1h 32m,"Psychological Drama, Drama, Romance",
167260,The Lord of the Rings: The Return of the King,Peter Jackson,"J.R.R. Tolkien, Fran Walsh, Philippa Boyens","Elijah Wood, Viggo Mortensen, Ian McKellen",2003,PG-13,3h 21m,"Action Epic, Adventure Epic, Epic, Fantasy Epic, Mountain Adventure, Quest, Sword & Sorcery, Tragedy, Adventure, Drama","$381,878,219"
469494,There Will Be Blood,Paul Thomas Anderson,"Paul Thomas Anderson, Upton Sinclair","Daniel Day-Lewis, Paul Dano, Ciarán Hinds",2007,R,2h 38m,"Epic, Period Drama, Psychological Drama, Tragedy, Drama","$40,222,514"
107048,Groundhog Day,Harold Ramis,"Danny Rubin, Harold Ramis","Bill Murray, Andie MacDowell, Chris Elliott",1993,PG,1h 41m,"Feel-Good Romance, High-Concept Comedy, Holiday Comedy, Holiday Romance, Romantic Comedy, Comedy, Drama, Fantasy, Romance","$71,107,962"
95327,Hotaru no haka,Isao Takahata,"Akiyuki Nosaka, Isao Takahata","Tsutomu Tatsumi, Ayano Shiraishi, Akemi Yamaguchi",1988,Not Rated,1h 28m,"Adult Animation, Anime, Hand-Drawn Animation, Period Drama, Tragedy, Animation, Drama, War","$516,962"
15097216,Jai Bhim,T.J. Gnanavel,"T.J. Gnanavel, Rajendra Sapre","Suriya, Lijo Mol Jose, Manikandan K.",2021,Approved,2h 44m,"Legal Drama, Crime, Drama",
119698,Mononoke-hime,Hayao Miyazaki,Hayao Miyazaki,"Yôji Matsuda, Yuriko Ishida, Yûko Tanaka",1997,PG-13,2h 13m,"Action Epic, Adult Animation, Adventure Epic, Anime, Dark Fantasy, Epic, Fantasy Epic, Hand-Drawn Animation, Quest, Supernatural Fantasy","$11,696,687"
90605,Aliens,James Cameron,"James Cameron, David Giler, Walter Hill","Sigourney Weaver, Michael Biehn, Carrie Henn",1986,R,2h 17m,"Alien Invasion, Cyberpunk, Monster Horror, Space Sci-Fi, Survival, Tragedy, Action, Adventure, Horror, Sci-Fi","$85,160,248"
70047,The Exorcist,William Friedkin,William Peter Blatty,"Ellen Burstyn, Max von Sydow, Linda Blair",1973,R,2h 2m,"Body Horror, Psychological Drama, Psychological Horror, Supernatural Horror, Tragedy, Horror","$233,005,644"
372784,Batman Begins,Christopher Nolan,"Bob Kane, David S. Goyer, Christopher Nolan","Christian Bale, Michael Caine, Ken Watanabe",2005,PG-13,2h 20m,"Action Epic, Epic, Superhero, Tragedy, Action, Crime, Drama, Thriller","$206,863,479"
35446,To Be or Not to Be,Ernst Lubitsch,"Melchior Lengyel, Edwin Justus Mayer, Ernst Lubitsch","Carole Lombard, Jack Benny, Robert Stack",1942,Approved,1h 39m,"Screwball Comedy, Comedy, Romance, War","$3,270,000"
42876,Rashômon,Akira Kurosawa,"Ryûnosuke Akutagawa, Akira Kurosawa, Shinobu Hashimoto","Toshirô Mifune, Machiko Kyô, Masayuki Mori",1950,Not Rated,1h 28m,"Period Drama, Crime, Drama, Mystery","$46,808"
80684,Star Wars: Episode V - The Empire Strikes Back,Irvin Kershner,"Leigh Brackett, Lawrence Kasdan, George Lucas","Mark Hamill, Harrison Ford, Carrie Fisher",1980,PG,2h 4m,"Action Epic, Adventure Epic, Dark Fantasy, Dystopian Sci-Fi, Epic, Fantasy Epic, Quest, Sci-Fi Epic, Space Sci-Fi, Sword & Sorcery","$292,753,960"
112573,Braveheart,Mel Gibson,Randall Wallace,"Mel Gibson, Sophie Marceau, Patrick McGoohan",1995,R,2h 58m,"Action Epic, Costume Drama, Epic, Period Drama, War Epic, Biography, Drama, War","$75,609,945"
52618,Ben-Hur,William Wyler,"Lew Wallace, Karl Tunberg, Gore Vidal","Charlton Heston, Jack Hawkins, Stephen Boyd",1959,G,3h 32m,"Adventure Epic, Epic, Period Drama, Sword & Sandal, Adventure, Drama","$74,432,704"
1291584,Warrior,Gavin O'Connor,"Gavin O'Connor, Anthony Tambakis, Cliff Dorfman","Tom Hardy, Nick Nolte, Joel Edgerton",2011,PG-13,2h 20m,"Boxing, Action, Drama, Sport","$13,657,115"
15239678,Dune: Part Two,Denis Villeneuve,"Denis Villeneuve, Jon Spaihts, Frank Herbert","Timothée Chalamet, Zendaya, Rebecca Ferguson",2024,PG-13,2h 46m,"Action Epic, Desert Adventure, Epic, Sci-Fi Epic, Space Sci-Fi, Action, Adventure, Drama, Sci-Fi","$282,144,358"
71562,The Godfather Part II,Francis Ford Coppola,"Francis Ford Coppola, Mario Puzo","Al Pacino, Robert De Niro, Robert Duvall",1974,R,3h 22m,"Epic, Gangster, Tragedy, Crime, Drama","$47,834,595"
78748,Alien,Ridley Scott,"Dan O'Bannon, Ronald Shusett","Sigourney Weaver, Tom Skerritt, John Hurt",1979,R,1h 57m,"Alien Invasion, Body Horror, Cyberpunk, Monster Horror, Space Sci-Fi, Tragedy, Horror, Sci-Fi","$84,206,106"
7286456,Joker,Todd Phillips,"Todd Phillips, Scott Silver, Bob Kane","Joaquin Phoenix, Robert De Niro, Zazie Beetz",2019,R,2h 2m,"Psychological Drama, Psychological Thriller, Tragedy, Crime, Drama, Thriller","$335,477,657"
133093,The Matrix,"Lana Wachowski, Lilly Wachowski","Lilly Wachowski, Lana Wachowski","Keanu Reeves, Laurence Fishburne, Carrie-Anne Moss",1999,R,2h 16m,"Action Epic, Artificial Intelligence, Cyberpunk, Dystopian Sci-Fi, Gun Fu, Martial Arts, Sci-Fi Epic, Action, Sci-Fi","$172,076,928"
5323662,Koe no Katachi,Naoko Yamada,"Yoshitoki Ôima, Reiko Yoshida","Miyu Irino, Saori Hayami, Aoi Yûki",2016,Not Rated,2h 10m,"Anime, Coming-of-Age, Hand-Drawn Animation, Psychological Drama, Shōnen, Slice of Life, Animation, Drama","$1,079,689"
1345836,The Dark Knight Rises,Christopher Nolan,"Jonathan Nolan, Christopher Nolan, David S. Goyer","Christian Bale, Tom Hardy, Anne Hathaway",2012,PG-13,2h 44m,"Action Epic, Epic, Superhero, Action, Crime, Drama, Thriller","$448,149,584"
43014,Sunset Blvd.,Billy Wilder,"Charles Brackett, Billy Wilder, D.M. Marshman Jr.","William Holden, Gloria Swanson, Erich von Stroheim",1950,Approved,1h 50m,"Dark Comedy, Film Noir, Psychological Drama, Showbiz Drama, Tragedy, Drama","$299,645"
62622,2001: A Space Odyssey,Stanley Kubrick,"Stanley Kubrick, Arthur C. Clarke","Keir Dullea, Gary Lockwood, William Sylvester",1968,G,2h 29m,"Adventure Epic, Artificial Intelligence, Epic, Psychological Drama, Sci-Fi Epic, Space Sci-Fi, Adventure, Sci-Fi","$60,481,243"
110357,The Lion King,"Roger Allers, Rob Minkoff","Irene Mecchi, Jonathan Roberts, Linda Woolverton","Matthew Broderick, Jeremy Irons, James Earl Jones",1994,G,1h 28m,"Adventure Epic, Animal Adventure, Coming-of-Age, Epic, Hand-Drawn Animation, Jungle Adventure, Adventure, Animation, Drama, Family","$424,979,720"
93058,Full Metal Jacket,Stanley Kubrick,"Stanley Kubrick, Michael Herr, Gustav Hasford","Matthew Modine, R. Lee Ermey, Vincent D'Onofrio",1987,R,1h 56m,"Dark Comedy, Period Drama, Psychological Drama, Drama, War","$46,357,676"
172495,Gladiator,Ridley Scott,"David Franzoni, John Logan, William Nicholson","Russell Crowe, Joaquin Phoenix, Connie Nielsen",2000,R,2h 35m,"Action Epic, Adventure Epic, Epic, Period Drama, Sword & Sandal, Action, Adventure, Drama","$187,705,427"
112641,Casino,Martin Scorsese,"Nicholas Pileggi, Martin Scorsese","Robert De Niro, Sharon Stone, Joe Pesci",1995,R,2h 58m,"Docudrama, Epic, Gangster, True Crime, Crime, Drama","$42,512,375"
47396,Rear Window,Alfred Hitchcock,"John Michael Hayes, Cornell Woolrich","James Stewart, Grace Kelly, Wendell Corey",1954,PG,1h 52m,"Psychological Thriller, Suspense Mystery, Drama, Mystery, Thriller","$37,622,343"
8503618,Hamilton,Thomas Kail,"Lin-Manuel Miranda, Ron Chernow","Lin-Manuel Miranda, Phillipa Soo, Leslie Odom Jr.",2020,PG-13,2h 49m,"Epic, Historical Epic, Biography, Drama, History, Musical","$14,957,531"
816692,Interstellar,Christopher Nolan,"Jonathan Nolan, Christopher Nolan","Matthew McConaughey, Anne Hathaway, Jessica Chastain",2014,PG-13,2h 49m,"Adventure Epic, Epic, Psychological Drama, Quest, Sci-Fi Epic, Space Sci-Fi, Time Travel, Adventure, Drama, Sci-Fi","$203,227,580"
75314,Taxi Driver,Martin Scorsese,Paul Schrader,"Robert De Niro, Jodie Foster, Cybill Shepherd",1976,R,1h 54m,"Psychological Drama, Crime, Drama","$28,262,574"
89881,Ran,Akira Kurosawa,"Akira Kurosawa, Hideo Oguni, Masato Ide","Tatsuya Nakadai, Akira Terao, Jinpachi Nezu",1985,R,2h 40m,"Epic, Period Drama, Samurai, Tragedy, War Epic, Action, Drama, War","$4,314,927"
477348,No Country for Old Men,"Ethan Coen, Joel Coen","Joel Coen, Ethan Coen, Cormac McCarthy","Tommy Lee Jones, Javier Bardem, Josh Brolin",2007,R,2h 2m,"Contemporary Western, Psychological Thriller, Serial Killer, Crime, Drama, Thriller","$74,283,625"
381681,Before Sunset,Richard Linklater,"Richard Linklater, Julie Delpy, Ethan Hawke","Ethan Hawke, Julie Delpy, Vernon Dobtcheff",2004,R,1h 20m,"Feel-Good Romance, Drama, Romance","$5,820,649"
91251,Idi i smotri,Elem Klimov,"Ales Adamovich, Elem Klimov","Aleksey Kravchenko, Olga Mironova, Liubomiras Laucevicius",1985,Not Rated,2h 22m,"Epic, Period Drama, Psychological Drama, Tragedy, War Epic, Drama, Thriller, War","$71,909"
108052,Schindler's List,Steven Spielberg,"Thomas Keneally, Steven Zaillian","Liam Neeson, Ralph Fiennes, Ben Kingsley",1993,R,3h 15m,"Docudrama, Epic, Historical Epic, Period Drama, Prison Drama, Tragedy, Biography, Drama, History","$96,898,818"
32138,The Wizard of Oz,"Victor Fleming, George Cukor, Norman Taurog","Noel Langley, Florence Ryerson, Edgar Allan Woolf","Judy Garland, Frank Morgan, Ray Bolger",1939,G,1h 42m,"Adventure Epic, Classic Musical, Fairy Tale, Fantasy Epic, Quest, Adventure, Family, Fantasy, Musical","$24,668,669"
53291,Some Like It Hot,Billy Wilder,"Billy Wilder, I.A.L. Diamond, Robert Thoeren","Marilyn Monroe, Tony Curtis, Jack Lemmon",1959,Approved,2h 1m,"Buddy Comedy, Farce, Romantic Comedy, Satire, Screwball Comedy, Comedy, Music, Romance",
180093,Requiem for a Dream,Darren Aronofsky,"Hubert Selby Jr., Darren Aronofsky","Ellen Burstyn, Jared Leto, Jennifer Connelly",2000,NC-17,1h 42m,"Psychological Drama, Tragedy, Drama","$3,635,482"
82096,Das Boot,Wolfgang Petersen,"Wolfgang Petersen, Lothar G. Buchheim","Jürgen Prochnow, Herbert Grönemeyer, Klaus Wennemann",1981,2h 29m,,"Epic, War Epic, Drama, War","$11,487,676"
405159,Million Dollar Baby,Clint Eastwood,"Paul Haggis, F.X. Toole","Hilary Swank, Clint Eastwood, Morgan Freeman",2004,PG-13,2h 12m,"Boxing, Psychological Drama, Tragedy, Drama, Sport","$100,492,203"
114814,The Usual Suspects,Bryan Singer,Christopher McQuarrie,"Kevin Spacey, Gabriel Byrne, Chazz Palminteri",1995,R,1h 46m,"Caper, Gangster, Heist, Psychological Drama, Psychological Thriller, Suspense Mystery, Whodunnit, Crime, Drama, Mystery","$23,341,568"
364569,Oldeuboi,Park Chan-wook,"Garon Tsuchiya, Nobuaki Minegishi, Park Chan-wook","Choi Min-sik, Yoo Ji-tae, Kang Hye-jeong",2003,R,2h,"Dark Comedy, One-Person Army Action, Psychological Drama, Psychological Thriller, Action, Drama, Mystery, Thriller","$2,458,200"
266543,Finding Nemo,"Andrew Stanton, Lee Unkrich","Andrew Stanton, Bob Peterson, David Reynolds","Albert Brooks, Ellen DeGeneres, Alexander Gould",2003,G,1h 40m,"Animal Adventure, Buddy Comedy, Computer Animation, Quest, Sea Adventure, Adventure, Animation, Comedy, Family","$380,843,261"
64116,C'era una volta il West,Sergio Leone,"Sergio Donati, Sergio Leone, Dario Argento","Henry Fonda, Charles Bronson, Claudia Cardinale",1968,PG-13,2h 46m,"Adventure Epic, Desert Adventure, Epic, Period Drama, Quest, Spaghetti Western, Western Epic, Drama, Western","$5,321,508"
167261,The Lord of the Rings: The Two Towers,Peter Jackson,"J.R.R. Tolkien, Fran Walsh, Philippa Boyens","Elijah Wood, Ian McKellen, Viggo Mortensen",2002,PG-13,2h 59m,"Action Epic, Adventure Epic, Dark Fantasy, Epic, Fantasy Epic, Quest, Sword & Sorcery, Adventure, Drama, Fantasy","$345,518,923"
407887,The Departed,Martin Scorsese,"William Monahan, Alan Mak, Felix Chong","Leonardo DiCaprio, Matt Damon, Jack Nicholson",2006,18+,2h 31m,"Cop Drama, Epic, Gangster, Crime, Drama, Thriller","$132,399,394"
86190,Star Wars: Episode VI - Return of the Jedi,Richard Marquand,"Lawrence Kasdan, George Lucas","Mark Hamill, Harrison Ford, Carrie Fisher",1983,PG,2h 11m,"Action Epic, Adventure Epic, Dark Fantasy, Dystopian Sci-Fi, Epic, Fantasy Epic, Globetrotting Adventure, Quest, Sci-Fi Epic, Space Sci-Fi","$316,566,101"
71315,Chinatown,Roman Polanski,"Robert Towne, Roman Polanski","Jack Nicholson, Faye Dunaway, John Huston",1974,R,2h 10m,"Conspiracy Thriller, Hard-boiled Detective, Period Drama, Psychological Drama, Psychological Thriller, Tragedy, Drama, Mystery, Thriller","$29,200,000"
116282,Fargo,"Joel Coen, Ethan Coen","Ethan Coen, Joel Coen","William H. Macy, Frances McDormand, Steve Buscemi",1996,R,1h 38m,"Cop Drama, Dark Comedy, Police Procedural, Tragedy, Crime, Drama, Thriller","$24,611,975"
